Trade Date,Options Class,Underlying,Product Type,Exchange,Volume
2018/09/28,NIO,NIO,S,BATS,1456
2018/10/01,NIO,NIO,S,BATS,1253
2018/10/02,NIO,NIO,S,BATS,1592
2018/10/03,NIO,NIO,S,BATS,868
2018/10/04,NIO,NIO,S,BATS,602
2018/10/05,NIO,NIO,S,BATS,1113
2018/10/08,NIO,NIO,S,BATS,451
2018/10/09,NIO,NIO,S,BATS,4638
2018/10/10,NIO,NIO,S,BATS,7399
2018/10/11,NIO,NIO,S,BATS,3304
2018/10/12,NIO,NIO,S,BATS,939
2018/10/15,NIO,NIO,S,BATS,5105
2018/10/16,NIO,NIO,S,BATS,3539
2018/10/17,NIO,NIO,S,BATS,1112
2018/10/18,NIO,NIO,S,BATS,1746
2018/10/19,NIO,NIO,S,BATS,1372
2018/10/22,NIO,NIO,S,BATS,1314
2018/10/23,NIO,NIO,S,BATS,2696
2018/10/24,NIO,NIO,S,BATS,1000
2018/10/25,NIO,NIO,S,BATS,914
2018/10/26,NIO,NIO,S,BATS,912
2018/10/29,NIO,NIO,S,BATS,974
2018/10/30,NIO,NIO,S,BATS,2476
2018/10/31,NIO,NIO,S,BATS,853
2018/11/01,NIO,NIO,S,BATS,2300
2018/11/02,NIO,NIO,S,BATS,2584
2018/11/05,NIO,NIO,S,BATS,1781
2018/11/06,NIO,NIO,S,BATS,4356
2018/11/07,NIO,NIO,S,BATS,2049
2018/11/08,NIO,NIO,S,BATS,3302
2018/11/09,NIO,NIO,S,BATS,1619
2018/11/12,NIO,NIO,S,BATS,1560
2018/11/13,NIO,NIO,S,BATS,2447
2018/11/14,NIO,NIO,S,BATS,6697
2018/11/15,NIO,NIO,S,BATS,1439
2018/11/16,NIO,NIO,S,BATS,2102
2018/11/19,NIO,NIO,S,BATS,4868
2018/11/20,NIO,NIO,S,BATS,3191
2018/11/21,NIO,NIO,S,BATS,1205
2018/11/23,NIO,NIO,S,BATS,898
2018/11/26,NIO,NIO,S,BATS,1369
2018/11/27,NIO,NIO,S,BATS,972
2018/11/28,NIO,NIO,S,BATS,3064
2018/11/29,NIO,NIO,S,BATS,1998
2018/11/30,NIO,NIO,S,BATS,1045
2018/12/03,NIO,NIO,S,BATS,2331
2018/12/04,NIO,NIO,S,BATS,1754
2018/12/06,NIO,NIO,S,BATS,2339
2018/12/07,NIO,NIO,S,BATS,995
2018/12/10,NIO,NIO,S,BATS,2473
2018/12/11,NIO,NIO,S,BATS,1550
2018/12/12,NIO,NIO,S,BATS,2639
2018/12/13,NIO,NIO,S,BATS,2717
2018/12/14,NIO,NIO,S,BATS,1433
2018/12/17,NIO,NIO,S,BATS,2863
2018/12/18,NIO,NIO,S,BATS,2795
2018/12/19,NIO,NIO,S,BATS,498
2018/12/20,NIO,NIO,S,BATS,3266
2018/12/21,NIO,NIO,S,BATS,1880
2018/12/24,NIO,NIO,S,BATS,960
2018/12/26,NIO,NIO,S,BATS,1161
2018/12/27,NIO,NIO,S,BATS,743
2018/12/28,NIO,NIO,S,BATS,601
2018/12/31,NIO,NIO,S,BATS,569
2019/01/02,NIO,NIO,S,BATS,630
2019/01/03,NIO,NIO,S,BATS,465
2019/01/04,NIO,NIO,S,BATS,1094
2019/01/07,NIO,NIO,S,BATS,2272
2019/01/08,NIO,NIO,S,BATS,1402
2019/01/09,NIO,NIO,S,BATS,1526
2019/01/10,NIO,NIO,S,BATS,2736
2019/01/11,NIO,NIO,S,BATS,733
2019/01/14,NIO,NIO,S,BATS,5667
2019/01/15,NIO,NIO,S,BATS,1222
2019/01/16,NIO,NIO,S,BATS,1520
2019/01/17,NIO,NIO,S,BATS,2927
2019/01/18,NIO,NIO,S,BATS,1302
2019/01/22,NIO,NIO,S,BATS,668
2019/01/23,NIO,NIO,S,BATS,1340
2019/01/24,NIO,NIO,S,BATS,2683
2019/01/25,NIO,NIO,S,BATS,791
2019/01/28,NIO,NIO,S,BATS,411
2019/01/29,NIO,NIO,S,BATS,5067
2019/01/30,NIO,NIO,S,BATS,16058
2019/01/31,NIO,NIO,S,BATS,5013
2019/02/01,NIO,NIO,S,BATS,4058
2019/02/04,NIO,NIO,S,BATS,1832
2019/02/05,NIO,NIO,S,BATS,2024
2019/02/06,NIO,NIO,S,BATS,12930
2019/02/07,NIO,NIO,S,BATS,6250
2019/02/08,NIO,NIO,S,BATS,8177
2019/02/11,NIO,NIO,S,BATS,2836
2019/02/12,NIO,NIO,S,BATS,2237
2019/02/13,NIO,NIO,S,BATS,2913
2019/02/14,NIO,NIO,S,BATS,2357
2019/02/15,NIO,NIO,S,BATS,4064
2019/02/19,NIO,NIO,S,BATS,3390
2019/02/20,NIO,NIO,S,BATS,3100
2019/02/21,NIO,NIO,S,BATS,918
2019/02/22,NIO,NIO,S,BATS,7821
2019/02/25,NIO,NIO,S,BATS,19402
2019/02/26,NIO,NIO,S,BATS,34325
2019/02/27,NIO,NIO,S,BATS,22534
2019/02/28,NIO,NIO,S,BATS,15327
2019/03/01,NIO,NIO,S,BATS,9371
2019/03/04,NIO,NIO,S,BATS,19497
2019/03/05,NIO,NIO,S,BATS,18138
2019/03/06,NIO,NIO,S,BATS,44761
2019/03/07,NIO,NIO,S,BATS,38367
2019/03/08,NIO,NIO,S,BATS,19681
2019/03/11,NIO,NIO,S,BATS,18611
2019/03/12,NIO,NIO,S,BATS,6014
2019/03/13,NIO,NIO,S,BATS,10258
2019/03/14,NIO,NIO,S,BATS,10024
2019/03/15,NIO,NIO,S,BATS,8131
2019/03/18,NIO,NIO,S,BATS,7658
2019/03/19,NIO,NIO,S,BATS,3719
2019/03/20,NIO,NIO,S,BATS,3622
2019/03/21,NIO,NIO,S,BATS,2629
2019/03/22,NIO,NIO,S,BATS,4170
2019/03/25,NIO,NIO,S,BATS,3961
2019/03/26,NIO,NIO,S,BATS,6493
2019/03/27,NIO,NIO,S,BATS,2752
2019/03/28,NIO,NIO,S,BATS,2768
2019/03/29,NIO,NIO,S,BATS,1310
2019/04/01,NIO,NIO,S,BATS,2133
2019/04/02,NIO,NIO,S,BATS,9971
2019/04/03,NIO,NIO,S,BATS,3424
2019/04/04,NIO,NIO,S,BATS,5892
2019/04/05,NIO,NIO,S,BATS,3535
2019/04/08,NIO,NIO,S,BATS,2766
2019/04/09,NIO,NIO,S,BATS,2630
2019/04/10,NIO,NIO,S,BATS,3997
2019/04/11,NIO,NIO,S,BATS,2621
2019/04/12,NIO,NIO,S,BATS,2093
2019/04/15,NIO,NIO,S,BATS,6414
2019/04/16,NIO,NIO,S,BATS,7368
2019/04/17,NIO,NIO,S,BATS,4309
2019/04/18,NIO,NIO,S,BATS,3784
2019/04/22,NIO,NIO,S,BATS,3310
2019/04/23,NIO,NIO,S,BATS,2915
2019/04/24,NIO,NIO,S,BATS,4086
2019/04/25,NIO,NIO,S,BATS,4043
2019/04/26,NIO,NIO,S,BATS,1666
2019/04/29,NIO,NIO,S,BATS,1867
2019/04/30,NIO,NIO,S,BATS,1950
2019/05/01,NIO,NIO,S,BATS,2845
2019/05/02,NIO,NIO,S,BATS,1956
2019/05/03,NIO,NIO,S,BATS,28921
2019/05/06,NIO,NIO,S,BATS,6285
2019/05/07,NIO,NIO,S,BATS,5003
2019/05/08,NIO,NIO,S,BATS,8243
2019/05/09,NIO,NIO,S,BATS,4574
2019/05/10,NIO,NIO,S,BATS,4082
2019/05/13,NIO,NIO,S,BATS,6819
2019/05/14,NIO,NIO,S,BATS,5645
2019/05/15,NIO,NIO,S,BATS,6148
2019/05/16,NIO,NIO,S,BATS,2530
2019/05/17,NIO,NIO,S,BATS,6866
2019/05/20,NIO,NIO,S,BATS,6537
2019/05/21,NIO,NIO,S,BATS,1989
2019/05/22,NIO,NIO,S,BATS,5627
2019/05/23,NIO,NIO,S,BATS,5894
2019/05/24,NIO,NIO,S,BATS,6414
2019/05/28,NIO,NIO,S,BATS,8886
2019/05/29,NIO,NIO,S,BATS,5469
2019/05/30,NIO,NIO,S,BATS,15920
2019/05/31,NIO,NIO,S,BATS,8386
2019/06/03,NIO,NIO,S,BATS,11704
2019/06/04,NIO,NIO,S,BATS,4554
2019/06/05,NIO,NIO,S,BATS,6532
2019/06/06,NIO,NIO,S,BATS,10380
2019/06/07,NIO,NIO,S,BATS,3159
2019/06/10,NIO,NIO,S,BATS,4260
2019/06/11,NIO,NIO,S,BATS,2971
2019/06/12,NIO,NIO,S,BATS,3178
2019/06/13,NIO,NIO,S,BATS,1688
2019/06/14,NIO,NIO,S,BATS,5166
2019/06/17,NIO,NIO,S,BATS,3307
2019/06/18,NIO,NIO,S,BATS,8009
2019/06/19,NIO,NIO,S,BATS,9396
2019/06/20,NIO,NIO,S,BATS,9396
2019/06/21,NIO,NIO,S,BATS,5498
2019/06/24,NIO,NIO,S,BATS,3829
2019/06/25,NIO,NIO,S,BATS,847
2019/06/26,NIO,NIO,S,BATS,3210
2019/06/27,NIO,NIO,S,BATS,5246
2019/06/28,NIO,NIO,S,BATS,3107
2019/07/01,NIO,NIO,S,BATS,2388
2019/07/02,NIO,NIO,S,BATS,6050
2019/07/03,NIO,NIO,S,BATS,31783
2019/07/05,NIO,NIO,S,BATS,8699
2019/07/08,NIO,NIO,S,BATS,12962
2019/07/09,NIO,NIO,S,BATS,45379
2019/07/10,NIO,NIO,S,BATS,32259
2019/07/11,NIO,NIO,S,BATS,20507
2019/07/12,NIO,NIO,S,BATS,7272
2019/07/15,NIO,NIO,S,BATS,3817
2019/07/16,NIO,NIO,S,BATS,3011
2019/07/17,NIO,NIO,S,BATS,6024
2019/07/18,NIO,NIO,S,BATS,2583
2019/07/19,NIO,NIO,S,BATS,4270
2019/07/22,NIO,NIO,S,BATS,2691
2019/07/23,NIO,NIO,S,BATS,1890
2019/07/24,NIO,NIO,S,BATS,12166
2019/07/25,NIO,NIO,S,BATS,6961
2019/07/26,NIO,NIO,S,BATS,2672
2019/07/29,NIO,NIO,S,BATS,7044
2019/07/30,NIO,NIO,S,BATS,1200
2019/07/31,NIO,NIO,S,BATS,10651
2019/08/01,NIO,NIO,S,BATS,3430
2019/08/02,NIO,NIO,S,BATS,3648
2019/08/05,NIO,NIO,S,BATS,5654
2019/08/06,NIO,NIO,S,BATS,6639
2019/08/07,NIO,NIO,S,BATS,3314
2019/08/08,NIO,NIO,S,BATS,2315
2019/08/09,NIO,NIO,S,BATS,1719
2019/08/12,NIO,NIO,S,BATS,1808
2019/08/13,NIO,NIO,S,BATS,4524
2019/08/14,NIO,NIO,S,BATS,4855
2019/08/15,NIO,NIO,S,BATS,2050
2019/08/16,NIO,NIO,S,BATS,15306
2019/08/19,NIO,NIO,S,BATS,3722
2019/08/20,NIO,NIO,S,BATS,4048
2019/08/21,NIO,NIO,S,BATS,4021
2019/08/22,NIO,NIO,S,BATS,891
2019/08/23,NIO,NIO,S,BATS,2173
2019/08/26,NIO,NIO,S,BATS,4042
2019/08/27,NIO,NIO,S,BATS,4326
2019/08/28,NIO,NIO,S,BATS,3926
2019/08/29,NIO,NIO,S,BATS,1942
2019/08/30,NIO,NIO,S,BATS,1068
2019/09/03,NIO,NIO,S,BATS,4508
2019/09/04,NIO,NIO,S,BATS,5380
2019/09/05,NIO,NIO,S,BATS,7198
2019/09/06,NIO,NIO,S,BATS,3482
2019/09/09,NIO,NIO,S,BATS,4812
2019/09/10,NIO,NIO,S,BATS,6351
2019/09/11,NIO,NIO,S,BATS,4302
2019/09/12,NIO,NIO,S,BATS,2448
2019/09/13,NIO,NIO,S,BATS,3708
2019/09/16,NIO,NIO,S,BATS,3172
2019/09/17,NIO,NIO,S,BATS,6326
2019/09/18,NIO,NIO,S,BATS,7134
2019/09/19,NIO,NIO,S,BATS,3121
2019/09/20,NIO,NIO,S,BATS,3257
2019/09/23,NIO,NIO,S,BATS,13321
2019/09/24,NIO,NIO,S,BATS,37967
2019/09/25,NIO,NIO,S,BATS,10707
2019/09/26,NIO,NIO,S,BATS,8138
2019/09/27,NIO,NIO,S,BATS,14084
2019/09/30,NIO,NIO,S,BATS,16930
2019/10/01,NIO,NIO,S,BATS,22312
2019/10/02,NIO,NIO,S,BATS,28784
2019/10/03,NIO,NIO,S,BATS,7479
2019/10/04,NIO,NIO,S,BATS,4187
2019/10/07,NIO,NIO,S,BATS,3400
2019/10/08,NIO,NIO,S,BATS,6826
2019/10/09,NIO,NIO,S,BATS,7734
2019/10/10,NIO,NIO,S,BATS,3164
2019/10/11,NIO,NIO,S,BATS,3577
2019/10/14,NIO,NIO,S,BATS,2085
2019/10/15,NIO,NIO,S,BATS,14088
2019/10/16,NIO,NIO,S,BATS,5940
2019/10/17,NIO,NIO,S,BATS,4472
2019/10/18,NIO,NIO,S,BATS,4735
2019/10/21,NIO,NIO,S,BATS,14248
2019/10/22,NIO,NIO,S,BATS,4521
2019/10/23,NIO,NIO,S,BATS,1607
2019/10/24,NIO,NIO,S,BATS,5638
2019/10/25,NIO,NIO,S,BATS,2693
2019/10/28,NIO,NIO,S,BATS,7149
2019/10/29,NIO,NIO,S,BATS,4065
2019/10/30,NIO,NIO,S,BATS,2968
2019/10/31,NIO,NIO,S,BATS,3462
2019/11/01,NIO,NIO,S,BATS,2661
2019/11/04,NIO,NIO,S,BATS,13025
2019/11/05,NIO,NIO,S,BATS,46326
2019/11/06,NIO,NIO,S,BATS,19465
2019/11/07,NIO,NIO,S,BATS,5754
2019/11/08,NIO,NIO,S,BATS,7064
2019/11/11,NIO,NIO,S,BATS,9253
2019/11/12,NIO,NIO,S,BATS,5882
2019/11/13,NIO,NIO,S,BATS,5817
2019/11/14,NIO,NIO,S,BATS,6166
2019/11/15,NIO,NIO,S,BATS,5394
2019/11/18,NIO,NIO,S,BATS,3275
2019/11/19,NIO,NIO,S,BATS,5073
2019/11/20,NIO,NIO,S,BATS,4638
2019/11/21,NIO,NIO,S,BATS,7895
2019/11/22,NIO,NIO,S,BATS,4710
2019/11/25,NIO,NIO,S,BATS,7984
2019/11/26,NIO,NIO,S,BATS,12617
2019/11/27,NIO,NIO,S,BATS,18534
2019/11/29,NIO,NIO,S,BATS,4834
2019/12/02,NIO,NIO,S,BATS,8312
2019/12/03,NIO,NIO,S,BATS,16923
2019/12/04,NIO,NIO,S,BATS,12510
2019/12/05,NIO,NIO,S,BATS,11846
2019/12/06,NIO,NIO,S,BATS,5655
2019/12/09,NIO,NIO,S,BATS,4895
2019/12/10,NIO,NIO,S,BATS,3702
2019/12/11,NIO,NIO,S,BATS,3339
2019/12/12,NIO,NIO,S,BATS,4534
2019/12/13,NIO,NIO,S,BATS,8706
2019/12/16,NIO,NIO,S,BATS,6757
2019/12/17,NIO,NIO,S,BATS,6363
2019/12/18,NIO,NIO,S,BATS,6030
2019/12/19,NIO,NIO,S,BATS,17239
2019/12/20,NIO,NIO,S,BATS,7340
2019/12/23,NIO,NIO,S,BATS,6535
2019/12/24,NIO,NIO,S,BATS,4178
2019/12/26,NIO,NIO,S,BATS,6735
2019/12/27,NIO,NIO,S,BATS,7610
2019/12/30,NIO,NIO,S,BATS,166631
2019/12/31,NIO,NIO,S,BATS,64626
2020/01/02,NIO,NIO,S,BATS,39292
2020/01/03,NIO,NIO,S,BATS,20826
2020/01/06,NIO,NIO,S,BATS,23083
2020/01/07,NIO,NIO,S,BATS,35900
2020/01/08,NIO,NIO,S,BATS,11828
2020/01/09,NIO,NIO,S,BATS,10325
2020/01/10,NIO,NIO,S,BATS,16077
2020/01/13,NIO,NIO,S,BATS,12620
2020/01/14,NIO,NIO,S,BATS,12854
2020/01/15,NIO,NIO,S,BATS,81143
2020/01/16,NIO,NIO,S,BATS,23070
2020/01/17,NIO,NIO,S,BATS,37214
2020/01/21,NIO,NIO,S,BATS,64362
2020/01/22,NIO,NIO,S,BATS,81867
2020/01/23,NIO,NIO,S,BATS,27206
2020/01/24,NIO,NIO,S,BATS,19441
2020/01/27,NIO,NIO,S,BATS,41344
2020/01/28,NIO,NIO,S,BATS,7858
2020/01/29,NIO,NIO,S,BATS,10986
2020/01/30,NIO,NIO,S,BATS,14014
2020/01/31,NIO,NIO,S,BATS,16225
2020/02/03,NIO,NIO,S,BATS,18777
2020/02/04,NIO,NIO,S,BATS,37070
2020/02/05,NIO,NIO,S,BATS,13663
2020/02/06,NIO,NIO,S,BATS,12723
2020/02/07,NIO,NIO,S,BATS,18677
2020/02/10,NIO,NIO,S,BATS,11653
2020/02/11,NIO,NIO,S,BATS,21157
2020/02/12,NIO,NIO,S,BATS,10943
2020/02/13,NIO,NIO,S,BATS,7055
2020/02/14,NIO,NIO,S,BATS,16725
2020/02/18,NIO,NIO,S,BATS,9581
2020/02/19,NIO,NIO,S,BATS,21401
2020/02/20,NIO,NIO,S,BATS,20389
2020/02/21,NIO,NIO,S,BATS,12158
2020/02/24,NIO,NIO,S,BATS,11913
2020/02/25,NIO,NIO,S,BATS,53177
2020/02/26,NIO,NIO,S,BATS,16963
2020/02/27,NIO,NIO,S,BATS,23833
2020/02/28,NIO,NIO,S,BATS,17890
2020/03/02,NIO,NIO,S,BATS,8580
2020/03/03,NIO,NIO,S,BATS,9306
2020/03/04,NIO,NIO,S,BATS,11540
2020/03/05,NIO,NIO,S,BATS,10157
2020/03/06,NIO,NIO,S,BATS,17410
2020/03/09,NIO,NIO,S,BATS,16300
2020/03/10,NIO,NIO,S,BATS,14141
2020/03/11,NIO,NIO,S,BATS,5995
2020/03/12,NIO,NIO,S,BATS,14598
2020/03/13,NIO,NIO,S,BATS,9581
2020/03/16,NIO,NIO,S,BATS,17693
2020/03/17,NIO,NIO,S,BATS,11141
2020/03/18,NIO,NIO,S,BATS,28371
2020/03/19,NIO,NIO,S,BATS,7904
2020/03/20,NIO,NIO,S,BATS,9334
2020/03/23,NIO,NIO,S,BATS,11784
2020/03/24,NIO,NIO,S,BATS,11414
2020/03/25,NIO,NIO,S,BATS,13570
2020/03/26,NIO,NIO,S,BATS,5812
2020/03/27,NIO,NIO,S,BATS,5170
2020/03/30,NIO,NIO,S,BATS,4213
2020/03/31,NIO,NIO,S,BATS,3728
2020/04/01,NIO,NIO,S,BATS,2708
2020/04/02,NIO,NIO,S,BATS,12172
2020/04/03,NIO,NIO,S,BATS,3720
2020/04/06,NIO,NIO,S,BATS,4149
2020/04/07,NIO,NIO,S,BATS,8405
2020/04/08,NIO,NIO,S,BATS,2342
2020/04/09,NIO,NIO,S,BATS,4848
2020/04/13,NIO,NIO,S,BATS,8747
2020/04/14,NIO,NIO,S,BATS,6466
2020/04/15,NIO,NIO,S,BATS,6876
2020/04/16,NIO,NIO,S,BATS,12310
2020/04/17,NIO,NIO,S,BATS,5257
2020/04/20,NIO,NIO,S,BATS,5796
2020/04/21,NIO,NIO,S,BATS,3004
2020/04/22,NIO,NIO,S,BATS,2171
2020/04/23,NIO,NIO,S,BATS,3055
2020/04/24,NIO,NIO,S,BATS,3466
2020/04/27,NIO,NIO,S,BATS,7319
2020/04/28,NIO,NIO,S,BATS,8138
2020/04/29,NIO,NIO,S,BATS,28744
2020/04/30,NIO,NIO,S,BATS,13939
2020/05/01,NIO,NIO,S,BATS,10719
2020/05/04,NIO,NIO,S,BATS,7356
2020/05/05,NIO,NIO,S,BATS,8732
2020/05/06,NIO,NIO,S,BATS,15533
2020/05/07,NIO,NIO,S,BATS,6798
2020/05/08,NIO,NIO,S,BATS,8995
2020/05/11,NIO,NIO,S,BATS,5139
2020/05/12,NIO,NIO,S,BATS,2843
2020/05/13,NIO,NIO,S,BATS,5862
2020/05/14,NIO,NIO,S,BATS,3905
2020/05/15,NIO,NIO,S,BATS,3565
2020/05/18,NIO,NIO,S,BATS,6727
2020/05/19,NIO,NIO,S,BATS,7109
2020/05/20,NIO,NIO,S,BATS,12749
2020/05/21,NIO,NIO,S,BATS,6027
2020/05/22,NIO,NIO,S,BATS,8915
2020/05/26,NIO,NIO,S,BATS,20311
2020/05/27,NIO,NIO,S,BATS,29299
2020/05/28,NIO,NIO,S,BATS,22099
2020/05/29,NIO,NIO,S,BATS,10472
2020/06/01,NIO,NIO,S,BATS,21512
2020/06/02,NIO,NIO,S,BATS,45241
2020/06/03,NIO,NIO,S,BATS,107626
2020/06/04,NIO,NIO,S,BATS,74619
2020/06/05,NIO,NIO,S,BATS,33713
2020/06/08,NIO,NIO,S,BATS,38732
2020/06/09,NIO,NIO,S,BATS,83538
2020/06/10,NIO,NIO,S,BATS,37545
2020/06/11,NIO,NIO,S,BATS,42084
2020/06/12,NIO,NIO,S,BATS,15030
2020/06/15,NIO,NIO,S,BATS,37585
2020/06/16,NIO,NIO,S,BATS,27005
2020/06/17,NIO,NIO,S,BATS,13010
2020/06/18,NIO,NIO,S,BATS,18824
2020/06/19,NIO,NIO,S,BATS,27312
2020/06/22,NIO,NIO,S,BATS,21435
2020/06/23,NIO,NIO,S,BATS,20973
2020/06/24,NIO,NIO,S,BATS,21200
2020/06/25,NIO,NIO,S,BATS,9993
2020/06/26,NIO,NIO,S,BATS,6199
2020/06/29,NIO,NIO,S,BATS,11531
2020/06/30,NIO,NIO,S,BATS,17172
2020/07/01,NIO,NIO,S,BATS,25176
2020/07/02,NIO,NIO,S,BATS,101122
2020/07/06,NIO,NIO,S,BATS,121633
2020/07/07,NIO,NIO,S,BATS,164461
2020/07/08,NIO,NIO,S,BATS,218671
2020/07/09,NIO,NIO,S,BATS,99966
2020/07/10,NIO,NIO,S,BATS,58144
2020/07/13,NIO,NIO,S,BATS,49524
2020/07/14,NIO,NIO,S,BATS,35918
2020/07/15,NIO,NIO,S,BATS,37323
2020/07/16,NIO,NIO,S,BATS,33248
2020/07/17,NIO,NIO,S,BATS,88827
2020/07/20,NIO,NIO,S,BATS,42116
2020/07/21,NIO,NIO,S,BATS,23366
2020/07/22,NIO,NIO,S,BATS,23521
2020/07/23,NIO,NIO,S,BATS,33391
2020/07/24,NIO,NIO,S,BATS,46570
2020/07/27,NIO,NIO,S,BATS,19365
2020/07/28,NIO,NIO,S,BATS,21892
2020/07/29,NIO,NIO,S,BATS,21958
2020/07/30,NIO,NIO,S,BATS,20477
2020/07/31,NIO,NIO,S,BATS,32729
2020/08/03,NIO,NIO,S,BATS,67582
2020/08/04,NIO,NIO,S,BATS,60536
2020/08/05,NIO,NIO,S,BATS,32852
2020/08/06,NIO,NIO,S,BATS,31118
2020/08/07,NIO,NIO,S,BATS,38727
2020/08/10,NIO,NIO,S,BATS,62105
2020/08/11,NIO,NIO,S,BATS,94647
2020/08/12,NIO,NIO,S,BATS,55843
2020/08/13,NIO,NIO,S,BATS,32908
2020/08/14,NIO,NIO,S,BATS,42529
2020/08/17,NIO,NIO,S,BATS,58493
2020/08/18,NIO,NIO,S,BATS,22156
2020/08/19,NIO,NIO,S,BATS,17909
2020/08/20,NIO,NIO,S,BATS,20154
2020/08/21,NIO,NIO,S,BATS,36091
2020/08/24,NIO,NIO,S,BATS,52669
2020/08/25,NIO,NIO,S,BATS,150752
2020/08/26,NIO,NIO,S,BATS,132935
2020/08/27,NIO,NIO,S,BATS,77667
2020/08/28,NIO,NIO,S,BATS,99066
2020/08/31,NIO,NIO,S,BATS,117310
2020/09/01,NIO,NIO,S,BATS,107507
2020/09/02,NIO,NIO,S,BATS,93334
2020/09/03,NIO,NIO,S,BATS,93721
2020/09/04,NIO,NIO,S,BATS,112207
2020/09/08,NIO,NIO,S,BATS,33687
2020/09/09,NIO,NIO,S,BATS,41208
2020/09/10,NIO,NIO,S,BATS,36063
2020/09/11,NIO,NIO,S,BATS,21053
2020/09/14,NIO,NIO,S,BATS,23274
2020/09/15,NIO,NIO,S,BATS,55319
2020/09/16,NIO,NIO,S,BATS,21370
2020/09/17,NIO,NIO,S,BATS,21031
2020/09/18,NIO,NIO,S,BATS,20184
2020/09/21,NIO,NIO,S,BATS,27322
2020/09/22,NIO,NIO,S,BATS,22919
2020/09/23,NIO,NIO,S,BATS,31111
2020/09/24,NIO,NIO,S,BATS,26769
2020/09/25,NIO,NIO,S,BATS,15337
2020/09/28,NIO,NIO,S,BATS,19078
2020/09/29,NIO,NIO,S,BATS,89118
2020/09/30,NIO,NIO,S,BATS,90644
2020/10/01,NIO,NIO,S,BATS,46869
2020/10/02,NIO,NIO,S,BATS,54271
2020/10/05,NIO,NIO,S,BATS,27153
2020/10/06,NIO,NIO,S,BATS,34948
2020/10/07,NIO,NIO,S,BATS,41069
2020/10/08,NIO,NIO,S,BATS,50757
2020/10/09,NIO,NIO,S,BATS,32402
2020/10/12,NIO,NIO,S,BATS,29307
2020/10/13,NIO,NIO,S,BATS,35895
2020/10/14,NIO,NIO,S,BATS,236976
2020/10/15,NIO,NIO,S,BATS,197457
2020/10/16,NIO,NIO,S,BATS,107874
2020/10/19,NIO,NIO,S,BATS,74259
2020/10/20,NIO,NIO,S,BATS,48242
2020/10/21,NIO,NIO,S,BATS,44469
2020/10/22,NIO,NIO,S,BATS,46042
2020/10/23,NIO,NIO,S,BATS,38424
2020/10/26,NIO,NIO,S,BATS,35359
2020/10/27,NIO,NIO,S,BATS,57594
2020/10/28,NIO,NIO,S,BATS,50736
2020/10/29,NIO,NIO,S,BATS,168203
2020/10/30,NIO,NIO,S,BATS,99481
2020/11/02,NIO,NIO,S,BATS,183350
2020/11/03,NIO,NIO,S,BATS,156159
2020/11/04,NIO,NIO,S,BATS,277520
2020/11/05,NIO,NIO,S,BATS,217931
2020/11/06,NIO,NIO,S,BATS,144748
2020/11/09,NIO,NIO,S,BATS,143181
2020/11/10,NIO,NIO,S,BATS,184128
2020/11/11,NIO,NIO,S,BATS,111214
2020/11/12,NIO,NIO,S,BATS,240173
2020/11/13,NIO,NIO,S,BATS,401495
2020/11/16,NIO,NIO,S,BATS,100338
2020/11/17,NIO,NIO,S,BATS,127490
2020/11/18,NIO,NIO,S,BATS,303057
2020/11/19,NIO,NIO,S,BATS,249092
2020/11/20,NIO,NIO,S,BATS,255979
2020/11/23,NIO,NIO,S,BATS,267189
2020/11/24,NIO,NIO,S,BATS,239209
2020/11/25,NIO,NIO,S,BATS,207957
2020/11/27,NIO,NIO,S,BATS,132059
2020/11/30,NIO,NIO,S,BATS,127378
2020/12/01,NIO,NIO,S,BATS,204009
2020/12/02,NIO,NIO,S,BATS,241000
2020/12/03,NIO,NIO,S,BATS,168083
2020/12/04,NIO,NIO,S,BATS,180012
2020/12/07,NIO,NIO,S,BATS,116878
2020/12/08,NIO,NIO,S,BATS,90743
2020/12/09,NIO,NIO,S,BATS,110263
2020/12/10,NIO,NIO,S,BATS,54044
2020/12/11,NIO,NIO,S,BATS,110822
2020/12/14,NIO,NIO,S,BATS,90338
2020/12/15,NIO,NIO,S,BATS,71394
2020/12/16,NIO,NIO,S,BATS,98815
2020/12/17,NIO,NIO,S,BATS,89824
2020/12/18,NIO,NIO,S,BATS,106779
2020/12/21,NIO,NIO,S,BATS,85181
2020/12/22,NIO,NIO,S,BATS,77424
2020/12/23,NIO,NIO,S,BATS,58106
2020/12/24,NIO,NIO,S,BATS,46307
2020/12/28,NIO,NIO,S,BATS,61713
2020/12/29,NIO,NIO,S,BATS,83738
2020/12/30,NIO,NIO,S,BATS,78922
2020/12/31,NIO,NIO,S,BATS,119537
2021/01/04,NIO,NIO,S,BATS,128650
2021/01/05,NIO,NIO,S,BATS,92432
2021/01/06,NIO,NIO,S,BATS,103132
2021/01/07,NIO,NIO,S,BATS,79818
2021/01/08,NIO,NIO,S,BATS,179729
2021/01/11,NIO,NIO,S,BATS,126421
2021/01/12,NIO,NIO,S,BATS,75035
2021/01/13,NIO,NIO,S,BATS,46276
2021/01/14,NIO,NIO,S,BATS,51900
2021/01/15,NIO,NIO,S,BATS,83156
2021/01/19,NIO,NIO,S,BATS,49940
2021/01/20,NIO,NIO,S,BATS,40432
2021/01/21,NIO,NIO,S,BATS,43272
2021/01/22,NIO,NIO,S,BATS,98662
2021/01/25,NIO,NIO,S,BATS,60478
2021/01/26,NIO,NIO,S,BATS,30762
2021/01/27,NIO,NIO,S,BATS,36168
2021/01/28,NIO,NIO,S,BATS,54726
2021/01/29,NIO,NIO,S,BATS,74145
2021/02/01,NIO,NIO,S,BATS,52377
2021/02/02,NIO,NIO,S,BATS,37458
2021/02/03,NIO,NIO,S,BATS,48048
2021/02/04,NIO,NIO,S,BATS,35285
2021/02/05,NIO,NIO,S,BATS,39928
2021/02/08,NIO,NIO,S,BATS,44322
2021/02/09,NIO,NIO,S,BATS,79506
2021/02/10,NIO,NIO,S,BATS,69514
2021/02/11,NIO,NIO,S,BATS,37632
2021/02/12,NIO,NIO,S,BATS,39000
2021/02/16,NIO,NIO,S,BATS,35358
2021/02/17,NIO,NIO,S,BATS,45301
2021/02/18,NIO,NIO,S,BATS,43331
2021/02/19,NIO,NIO,S,BATS,34341
2021/02/22,NIO,NIO,S,BATS,49916
2021/02/23,NIO,NIO,S,BATS,57849
2021/02/24,NIO,NIO,S,BATS,38026
2021/02/25,NIO,NIO,S,BATS,38281
2021/02/26,NIO,NIO,S,BATS,55836
2021/03/01,NIO,NIO,S,BATS,45010
2021/03/02,NIO,NIO,S,BATS,99217
2021/03/03,NIO,NIO,S,BATS,67444
2021/03/04,NIO,NIO,S,BATS,80250
2021/03/05,NIO,NIO,S,BATS,113757
2021/03/08,NIO,NIO,S,BATS,69250
2021/03/09,NIO,NIO,S,BATS,92216
2021/03/10,NIO,NIO,S,BATS,76323
2021/03/11,NIO,NIO,S,BATS,72945
2021/03/12,NIO,NIO,S,BATS,59574
2021/03/15,NIO,NIO,S,BATS,26821
2021/03/16,NIO,NIO,S,BATS,32587
2021/03/17,NIO,NIO,S,BATS,33587
2021/03/18,NIO,NIO,S,BATS,34741
2021/03/19,NIO,NIO,S,BATS,47655
2021/03/22,NIO,NIO,S,BATS,30438
2021/03/23,NIO,NIO,S,BATS,32002
2021/03/24,NIO,NIO,S,BATS,76959
2021/03/25,NIO,NIO,S,BATS,74255
2021/03/26,NIO,NIO,S,BATS,82849
2021/03/29,NIO,NIO,S,BATS,35188
2021/03/30,NIO,NIO,S,BATS,42349
2021/03/31,NIO,NIO,S,BATS,57392
2021/04/01,NIO,NIO,S,BATS,74693
2021/04/05,NIO,NIO,S,BATS,35253
2021/04/06,NIO,NIO,S,BATS,26959
2021/04/07,NIO,NIO,S,BATS,51411
2021/04/08,NIO,NIO,S,BATS,35811
2021/04/09,NIO,NIO,S,BATS,40418
2021/04/12,NIO,NIO,S,BATS,28991
2021/04/13,NIO,NIO,S,BATS,30861
2021/04/14,NIO,NIO,S,BATS,38399
2021/04/15,NIO,NIO,S,BATS,52319
2021/04/16,NIO,NIO,S,BATS,44248
2021/04/19,NIO,NIO,S,BATS,45826
2021/04/20,NIO,NIO,S,BATS,34524
2021/04/21,NIO,NIO,S,BATS,44277
2021/04/22,NIO,NIO,S,BATS,60923
2021/04/23,NIO,NIO,S,BATS,53664
2021/04/26,NIO,NIO,S,BATS,55935
2021/04/27,NIO,NIO,S,BATS,37173
2021/04/28,NIO,NIO,S,BATS,20556
2021/04/29,NIO,NIO,S,BATS,48823
2021/04/30,NIO,NIO,S,BATS,63504
2021/05/03,NIO,NIO,S,BATS,37419
2021/05/04,NIO,NIO,S,BATS,35053
2021/05/05,NIO,NIO,S,BATS,23636
2021/05/06,NIO,NIO,S,BATS,39631
2021/05/07,NIO,NIO,S,BATS,48871
2021/05/10,NIO,NIO,S,BATS,53942
2021/05/11,NIO,NIO,S,BATS,58829
2021/05/12,NIO,NIO,S,BATS,35057
2021/05/13,NIO,NIO,S,BATS,63039
2021/05/14,NIO,NIO,S,BATS,43552
2021/05/17,NIO,NIO,S,BATS,31446
2021/05/18,NIO,NIO,S,BATS,32781
2021/05/19,NIO,NIO,S,BATS,29393
2021/05/20,NIO,NIO,S,BATS,21285
2021/05/21,NIO,NIO,S,BATS,24210
2021/05/24,NIO,NIO,S,BATS,38799
2021/05/25,NIO,NIO,S,BATS,35897
2021/05/26,NIO,NIO,S,BATS,41947
2021/05/27,NIO,NIO,S,BATS,40082
2021/05/28,NIO,NIO,S,BATS,47612
2021/06/01,NIO,NIO,S,BATS,76387
2021/06/02,NIO,NIO,S,BATS,71573
2021/06/03,NIO,NIO,S,BATS,71715
2021/06/04,NIO,NIO,S,BATS,41706
2021/06/07,NIO,NIO,S,BATS,76499
2021/06/08,NIO,NIO,S,BATS,46907
2021/06/09,NIO,NIO,S,BATS,37507
2021/06/10,NIO,NIO,S,BATS,36784
2021/06/11,NIO,NIO,S,BATS,162935
2021/06/14,NIO,NIO,S,BATS,53555
2021/06/15,NIO,NIO,S,BATS,54898
2021/06/16,NIO,NIO,S,BATS,47063
2021/06/17,NIO,NIO,S,BATS,84595
2021/06/18,NIO,NIO,S,BATS,35447
2021/06/21,NIO,NIO,S,BATS,26487
2021/06/22,NIO,NIO,S,BATS,48197
2021/06/23,NIO,NIO,S,BATS,49491
2021/06/24,NIO,NIO,S,BATS,49457
2021/06/25,NIO,NIO,S,BATS,37219
2021/06/28,NIO,NIO,S,BATS,122990
2021/06/29,NIO,NIO,S,BATS,82196
2021/06/30,NIO,NIO,S,BATS,119796
2021/07/01,NIO,NIO,S,BATS,141452
2021/07/02,NIO,NIO,S,BATS,75749
2021/07/06,NIO,NIO,S,BATS,58384
2021/07/07,NIO,NIO,S,BATS,66370
2021/07/08,NIO,NIO,S,BATS,60580
2021/07/09,NIO,NIO,S,BATS,46472
2021/07/12,NIO,NIO,S,BATS,35702
2021/07/13,NIO,NIO,S,BATS,25224
2021/07/14,NIO,NIO,S,BATS,37414
2021/07/15,NIO,NIO,S,BATS,44400
2021/07/16,NIO,NIO,S,BATS,36543
2021/07/19,NIO,NIO,S,BATS,48796
2021/07/20,NIO,NIO,S,BATS,37112
2021/07/21,NIO,NIO,S,BATS,77170
2021/07/22,NIO,NIO,S,BATS,35701
2021/07/23,NIO,NIO,S,BATS,54447
2021/07/26,NIO,NIO,S,BATS,37628
2021/07/27,NIO,NIO,S,BATS,75391
2021/07/28,NIO,NIO,S,BATS,44272
2021/07/29,NIO,NIO,S,BATS,34148
2021/07/30,NIO,NIO,S,BATS,64897
2021/08/02,NIO,NIO,S,BATS,69873
2021/08/03,NIO,NIO,S,BATS,28558
2021/08/04,NIO,NIO,S,BATS,16839
2021/08/05,NIO,NIO,S,BATS,27616
2021/08/06,NIO,NIO,S,BATS,34758
2021/08/09,NIO,NIO,S,BATS,22749
2021/08/10,NIO,NIO,S,BATS,22905
2021/08/11,NIO,NIO,S,BATS,35306
2021/08/12,NIO,NIO,S,BATS,47269
2021/08/13,NIO,NIO,S,BATS,37773
2021/08/16,NIO,NIO,S,BATS,50397
2021/08/17,NIO,NIO,S,BATS,47169
2021/08/18,NIO,NIO,S,BATS,41084
2021/08/19,NIO,NIO,S,BATS,40922
2021/08/20,NIO,NIO,S,BATS,40463
2021/08/23,NIO,NIO,S,BATS,39919
2021/08/24,NIO,NIO,S,BATS,33821
2021/08/25,NIO,NIO,S,BATS,18715
2021/08/26,NIO,NIO,S,BATS,32285
2021/08/27,NIO,NIO,S,BATS,25528
2021/08/30,NIO,NIO,S,BATS,33745
2021/08/31,NIO,NIO,S,BATS,35674
2021/09/01,NIO,NIO,S,BATS,52476
2021/09/02,NIO,NIO,S,BATS,65354
2021/09/03,NIO,NIO,S,BATS,38276
2021/09/07,NIO,NIO,S,BATS,42970
2021/09/08,NIO,NIO,S,BATS,52526
2021/09/09,NIO,NIO,S,BATS,29639
2021/09/10,NIO,NIO,S,BATS,25988
2021/09/13,NIO,NIO,S,BATS,27229
2021/09/14,NIO,NIO,S,BATS,22429
2021/09/15,NIO,NIO,S,BATS,21511
2021/09/16,NIO,NIO,S,BATS,22181
2021/09/17,NIO,NIO,S,BATS,23192
2021/09/20,NIO,NIO,S,BATS,50895
2021/09/21,NIO,NIO,S,BATS,31876
2021/09/22,NIO,NIO,S,BATS,30940
2021/09/23,NIO,NIO,S,BATS,16738
2021/09/24,NIO,NIO,S,BATS,21549
2021/09/27,NIO,NIO,S,BATS,30420
2021/09/28,NIO,NIO,S,BATS,24620
2021/09/29,NIO,NIO,S,BATS,24734
2021/09/30,NIO,NIO,S,BATS,14505
2021/10/01,NIO,NIO,S,BATS,27276
2021/10/04,NIO,NIO,S,BATS,29202
2021/10/05,NIO,NIO,S,BATS,22423
2021/10/06,NIO,NIO,S,BATS,17100
2021/10/07,NIO,NIO,S,BATS,66230
2021/10/08,NIO,NIO,S,BATS,31562
2021/10/11,NIO,NIO,S,BATS,21466
2021/10/12,NIO,NIO,S,BATS,18788
2021/10/13,NIO,NIO,S,BATS,27796
2021/10/14,NIO,NIO,S,BATS,22267
2021/10/15,NIO,NIO,S,BATS,50796
2021/10/18,NIO,NIO,S,BATS,47693
2021/10/19,NIO,NIO,S,BATS,42245
2021/10/20,NIO,NIO,S,BATS,19538
2021/10/21,NIO,NIO,S,BATS,22094
2021/10/22,NIO,NIO,S,BATS,26860
2021/10/25,NIO,NIO,S,BATS,47936
2021/10/26,NIO,NIO,S,BATS,46330
2021/10/27,NIO,NIO,S,BATS,20885
2021/10/28,NIO,NIO,S,BATS,38696
2021/10/29,NIO,NIO,S,BATS,33255
2021/11/01,NIO,NIO,S,BATS,46024
2021/11/02,NIO,NIO,S,BATS,50406
2021/11/03,NIO,NIO,S,BATS,29196
2021/11/04,NIO,NIO,S,BATS,85563
2021/11/05,NIO,NIO,S,BATS,43806
2021/11/08,NIO,NIO,S,BATS,35993
2021/11/09,NIO,NIO,S,BATS,40277
2021/11/10,NIO,NIO,S,BATS,45849
2021/11/11,NIO,NIO,S,BATS,32911
2021/11/12,NIO,NIO,S,BATS,36155
2021/11/15,NIO,NIO,S,BATS,36303
2021/11/16,NIO,NIO,S,BATS,21351
2021/11/17,NIO,NIO,S,BATS,22961
2021/11/18,NIO,NIO,S,BATS,32470
2021/11/19,NIO,NIO,S,BATS,21480
2021/11/22,NIO,NIO,S,BATS,75496
2021/11/23,NIO,NIO,S,BATS,61061
2021/11/24,NIO,NIO,S,BATS,30647
2021/11/26,NIO,NIO,S,BATS,21908
2021/11/29,NIO,NIO,S,BATS,22764
2021/11/30,NIO,NIO,S,BATS,29746
2021/12/01,NIO,NIO,S,BATS,39015
2021/12/02,NIO,NIO,S,BATS,65974
2021/12/03,NIO,NIO,S,BATS,85969
2021/12/06,NIO,NIO,S,BATS,45571
2021/12/07,NIO,NIO,S,BATS,36912
2021/12/08,NIO,NIO,S,BATS,42003
2021/12/09,NIO,NIO,S,BATS,33067
2021/12/10,NIO,NIO,S,BATS,28055
2021/12/13,NIO,NIO,S,BATS,20196
2021/12/14,NIO,NIO,S,BATS,28179
2021/12/15,NIO,NIO,S,BATS,49807
2021/12/16,NIO,NIO,S,BATS,25233
2021/12/17,NIO,NIO,S,BATS,39137
2021/12/20,NIO,NIO,S,BATS,38832
2021/12/21,NIO,NIO,S,BATS,31434
2021/12/22,NIO,NIO,S,BATS,26489
2021/12/23,NIO,NIO,S,BATS,36220
2021/12/27,NIO,NIO,S,BATS,29106
2021/12/28,NIO,NIO,S,BATS,16394
2021/12/29,NIO,NIO,S,BATS,34713
2021/12/30,NIO,NIO,S,BATS,135950
2021/12/31,NIO,NIO,S,BATS,51208
2022/01/03,NIO,NIO,S,BATS,63798
2022/01/04,NIO,NIO,S,BATS,33583
2022/01/05,NIO,NIO,S,BATS,30450
2022/01/06,NIO,NIO,S,BATS,40128
2022/01/07,NIO,NIO,S,BATS,32367
2022/01/10,NIO,NIO,S,BATS,23605
2022/01/11,NIO,NIO,S,BATS,33796
2022/01/12,NIO,NIO,S,BATS,45551
2022/01/13,NIO,NIO,S,BATS,27425
2022/01/14,NIO,NIO,S,BATS,30417
2022/01/18,NIO,NIO,S,BATS,20145
2022/01/19,NIO,NIO,S,BATS,20842
2022/01/20,NIO,NIO,S,BATS,39830
2022/01/21,NIO,NIO,S,BATS,34121
2022/01/24,NIO,NIO,S,BATS,49796
2022/01/25,NIO,NIO,S,BATS,30160
2022/01/26,NIO,NIO,S,BATS,33427
2022/01/27,NIO,NIO,S,BATS,51845
2022/01/28,NIO,NIO,S,BATS,58959
2022/01/31,NIO,NIO,S,BATS,52211
2022/02/01,NIO,NIO,S,BATS,35991
2022/02/02,NIO,NIO,S,BATS,24363
2022/02/03,NIO,NIO,S,BATS,27242
2022/02/04,NIO,NIO,S,BATS,26229
2022/02/07,NIO,NIO,S,BATS,23177
2022/02/08,NIO,NIO,S,BATS,18861
2022/02/09,NIO,NIO,S,BATS,35860
2022/02/10,NIO,NIO,S,BATS,24731
2022/02/11,NIO,NIO,S,BATS,22141
2022/02/14,NIO,NIO,S,BATS,14708
2022/02/15,NIO,NIO,S,BATS,19697
2022/02/16,NIO,NIO,S,BATS,11885
2022/02/17,NIO,NIO,S,BATS,20740
2022/02/18,NIO,NIO,S,BATS,24766
2022/02/22,NIO,NIO,S,BATS,18906
2022/02/23,NIO,NIO,S,BATS,17836
2022/02/24,NIO,NIO,S,BATS,22820
2022/02/25,NIO,NIO,S,BATS,20191
2022/02/28,NIO,NIO,S,BATS,29966
2022/03/01,NIO,NIO,S,BATS,22442
2022/03/02,NIO,NIO,S,BATS,19276
2022/03/03,NIO,NIO,S,BATS,38951
2022/03/04,NIO,NIO,S,BATS,37031
2022/03/07,NIO,NIO,S,BATS,28358
2022/03/08,NIO,NIO,S,BATS,21968
2022/03/09,NIO,NIO,S,BATS,34962
2022/03/10,NIO,NIO,S,BATS,43772
2022/03/11,NIO,NIO,S,BATS,68929
2022/03/14,NIO,NIO,S,BATS,44458
2022/03/15,NIO,NIO,S,BATS,38504
2022/03/16,NIO,NIO,S,BATS,81689
2022/03/17,NIO,NIO,S,BATS,36497
2022/03/18,NIO,NIO,S,BATS,72721
2022/03/21,NIO,NIO,S,BATS,31792
2022/03/22,NIO,NIO,S,BATS,35630
2022/03/23,NIO,NIO,S,BATS,38556
2022/03/24,NIO,NIO,S,BATS,52229
2022/03/25,NIO,NIO,S,BATS,64902
2022/03/28,NIO,NIO,S,BATS,29457
2022/03/29,NIO,NIO,S,BATS,23106
2022/03/30,NIO,NIO,S,BATS,65007
2022/03/31,NIO,NIO,S,BATS,30591
2022/04/01,NIO,NIO,S,BATS,63026
2022/04/04,NIO,NIO,S,BATS,43134
2022/04/05,NIO,NIO,S,BATS,33562
2022/04/06,NIO,NIO,S,BATS,23992
2022/04/07,NIO,NIO,S,BATS,32584
2022/04/08,NIO,NIO,S,BATS,22558
2022/04/11,NIO,NIO,S,BATS,45343
2022/04/12,NIO,NIO,S,BATS,19150
2022/04/13,NIO,NIO,S,BATS,21898
2022/04/14,NIO,NIO,S,BATS,18833
2022/04/18,NIO,NIO,S,BATS,15238
2022/04/19,NIO,NIO,S,BATS,15729
2022/04/20,NIO,NIO,S,BATS,17678
2022/04/21,NIO,NIO,S,BATS,23100
2022/04/22,NIO,NIO,S,BATS,24677
2022/04/25,NIO,NIO,S,BATS,18206
2022/04/26,NIO,NIO,S,BATS,15329
2022/04/27,NIO,NIO,S,BATS,17685
2022/04/28,NIO,NIO,S,BATS,15343
2022/04/29,NIO,NIO,S,BATS,19645
2022/05/02,NIO,NIO,S,BATS,16322
2022/05/03,NIO,NIO,S,BATS,9338
2022/05/04,NIO,NIO,S,BATS,18183
2022/05/05,NIO,NIO,S,BATS,30885
2022/05/06,NIO,NIO,S,BATS,14288
2022/05/09,NIO,NIO,S,BATS,9538
2022/05/10,NIO,NIO,S,BATS,15365
2022/05/11,NIO,NIO,S,BATS,17179
2022/05/12,NIO,NIO,S,BATS,18198
2022/05/13,NIO,NIO,S,BATS,20715
2022/05/16,NIO,NIO,S,BATS,23783
2022/05/17,NIO,NIO,S,BATS,41252
2022/05/18,NIO,NIO,S,BATS,28990
2022/05/19,NIO,NIO,S,BATS,18030
2022/05/20,NIO,NIO,S,BATS,31505
2022/05/23,NIO,NIO,S,BATS,12330
2022/05/24,NIO,NIO,S,BATS,15208
2022/05/25,NIO,NIO,S,BATS,11864
2022/05/26,NIO,NIO,S,BATS,23100
2022/05/27,NIO,NIO,S,BATS,22790
2022/05/31,NIO,NIO,S,BATS,21653
2022/06/01,NIO,NIO,S,BATS,34333
2022/06/02,NIO,NIO,S,BATS,27831
2022/06/03,NIO,NIO,S,BATS,22366
2022/06/06,NIO,NIO,S,BATS,24294
2022/06/07,NIO,NIO,S,BATS,13348
2022/06/08,NIO,NIO,S,BATS,31237
2022/06/09,NIO,NIO,S,BATS,31150
2022/06/10,NIO,NIO,S,BATS,25810
2022/06/13,NIO,NIO,S,BATS,21819
2022/06/14,NIO,NIO,S,BATS,47978
2022/06/15,NIO,NIO,S,BATS,42092
2022/06/16,NIO,NIO,S,BATS,49295
2022/06/17,NIO,NIO,S,BATS,53584
2022/06/21,NIO,NIO,S,BATS,42983
2022/06/22,NIO,NIO,S,BATS,25531
2022/06/23,NIO,NIO,S,BATS,24210
2022/06/24,NIO,NIO,S,BATS,32961
2022/06/27,NIO,NIO,S,BATS,28129
2022/06/28,NIO,NIO,S,BATS,32592
2022/06/29,NIO,NIO,S,BATS,44847
2022/06/30,NIO,NIO,S,BATS,22422
2022/07/01,NIO,NIO,S,BATS,26058
2022/07/05,NIO,NIO,S,BATS,16104
2022/07/06,NIO,NIO,S,BATS,17742
2022/07/07,NIO,NIO,S,BATS,29196
2022/07/08,NIO,NIO,S,BATS,19317
2022/07/11,NIO,NIO,S,BATS,20161
2022/07/12,NIO,NIO,S,BATS,12959
2022/07/13,NIO,NIO,S,BATS,14609
2022/07/14,NIO,NIO,S,BATS,12777
2022/07/15,NIO,NIO,S,BATS,14450
2022/07/18,NIO,NIO,S,BATS,12521
2022/07/19,NIO,NIO,S,BATS,16146
2022/07/20,NIO,NIO,S,BATS,16849
2022/07/21,NIO,NIO,S,BATS,18980
2022/07/22,NIO,NIO,S,BATS,20201
2022/07/25,NIO,NIO,S,BATS,10961
2022/07/26,NIO,NIO,S,BATS,7917
2022/07/27,NIO,NIO,S,BATS,8720
2022/07/28,NIO,NIO,S,BATS,8435
2022/07/29,NIO,NIO,S,BATS,14251
2022/08/01,NIO,NIO,S,BATS,20192
2022/08/02,NIO,NIO,S,BATS,18542
2022/08/03,NIO,NIO,S,BATS,14006
2022/08/04,NIO,NIO,S,BATS,18685
2022/08/05,NIO,NIO,S,BATS,16347
2022/08/08,NIO,NIO,S,BATS,11827
2022/08/09,NIO,NIO,S,BATS,15855
2022/08/10,NIO,NIO,S,BATS,18111
2022/08/11,NIO,NIO,S,BATS,31092
2022/08/12,NIO,NIO,S,BATS,14741
2022/08/15,NIO,NIO,S,BATS,15303
2022/08/16,NIO,NIO,S,BATS,15040
2022/08/17,NIO,NIO,S,BATS,9978
2022/08/18,NIO,NIO,S,BATS,12846
2022/08/19,NIO,NIO,S,BATS,13947
2022/08/22,NIO,NIO,S,BATS,10209
2022/08/23,NIO,NIO,S,BATS,11253
2022/08/24,NIO,NIO,S,BATS,11372
2022/08/25,NIO,NIO,S,BATS,24969
2022/08/26,NIO,NIO,S,BATS,44674
2022/08/29,NIO,NIO,S,BATS,22246
2022/08/30,NIO,NIO,S,BATS,13632
2022/08/31,NIO,NIO,S,BATS,7224
2022/09/01,NIO,NIO,S,BATS,19112
2022/09/02,NIO,NIO,S,BATS,15845
2022/09/06,NIO,NIO,S,BATS,16171
2022/09/07,NIO,NIO,S,BATS,26341
2022/09/08,NIO,NIO,S,BATS,11437
2022/09/09,NIO,NIO,S,BATS,29699
2022/09/12,NIO,NIO,S,BATS,44254
2022/09/13,NIO,NIO,S,BATS,37907
2022/09/14,NIO,NIO,S,BATS,20531
2022/09/15,NIO,NIO,S,BATS,19941
2022/09/16,NIO,NIO,S,BATS,24557
2022/09/19,NIO,NIO,S,BATS,14411
2022/09/20,NIO,NIO,S,BATS,11794
2022/09/21,NIO,NIO,S,BATS,32207
2022/09/22,NIO,NIO,S,BATS,19655
2022/09/23,NIO,NIO,S,BATS,18566
2022/09/26,NIO,NIO,S,BATS,11917
2022/09/27,NIO,NIO,S,BATS,9236
2022/09/28,NIO,NIO,S,BATS,13000
2022/09/29,NIO,NIO,S,BATS,18673
2022/09/30,NIO,NIO,S,BATS,18052
2022/10/03,NIO,NIO,S,BATS,15998
2022/10/04,NIO,NIO,S,BATS,16363
2022/10/05,NIO,NIO,S,BATS,11139
2022/10/06,NIO,NIO,S,BATS,16627
2022/10/07,NIO,NIO,S,BATS,17958
2022/10/10,NIO,NIO,S,BATS,12707
2022/10/11,NIO,NIO,S,BATS,8140
2022/10/12,NIO,NIO,S,BATS,9640
2022/10/13,NIO,NIO,S,BATS,12592
2022/10/14,NIO,NIO,S,BATS,15329
2022/10/17,NIO,NIO,S,BATS,22226
2022/10/18,NIO,NIO,S,BATS,12275
2022/10/19,NIO,NIO,S,BATS,40587
2022/10/20,NIO,NIO,S,BATS,14469
2022/10/21,NIO,NIO,S,BATS,19247
2022/10/24,NIO,NIO,S,BATS,44431
2022/10/25,NIO,NIO,S,BATS,22035
2022/10/26,NIO,NIO,S,BATS,14774
2022/10/27,NIO,NIO,S,BATS,15231
2022/10/28,NIO,NIO,S,BATS,22696
2022/10/31,NIO,NIO,S,BATS,15777
2022/11/01,NIO,NIO,S,BATS,12209
2022/11/02,NIO,NIO,S,BATS,14315
2022/11/03,NIO,NIO,S,BATS,14234
2022/11/04,NIO,NIO,S,BATS,29419
2022/11/07,NIO,NIO,S,BATS,18082
2022/11/08,NIO,NIO,S,BATS,9044
2022/11/09,NIO,NIO,S,BATS,19327
2022/11/10,NIO,NIO,S,BATS,16682
2022/11/11,NIO,NIO,S,BATS,27610
2022/11/14,NIO,NIO,S,BATS,20241
2022/11/15,NIO,NIO,S,BATS,17596
2022/11/16,NIO,NIO,S,BATS,15500
2022/11/17,NIO,NIO,S,BATS,18750
2022/11/18,NIO,NIO,S,BATS,21044
2022/11/21,NIO,NIO,S,BATS,11821
2022/11/22,NIO,NIO,S,BATS,9488
2022/11/23,NIO,NIO,S,BATS,18446
2022/11/25,NIO,NIO,S,BATS,10880
2022/11/28,NIO,NIO,S,BATS,12044
2022/11/29,NIO,NIO,S,BATS,18693
2022/11/30,NIO,NIO,S,BATS,73677
2022/12/01,NIO,NIO,S,BATS,11620
2022/12/02,NIO,NIO,S,BATS,39454
2022/12/05,NIO,NIO,S,BATS,22046
2022/12/06,NIO,NIO,S,BATS,14611
2022/12/07,NIO,NIO,S,BATS,12697
2022/12/08,NIO,NIO,S,BATS,20431
2022/12/09,NIO,NIO,S,BATS,14169
2022/12/12,NIO,NIO,S,BATS,8978
2022/12/13,NIO,NIO,S,BATS,13473
2022/12/14,NIO,NIO,S,BATS,6761
2022/12/15,NIO,NIO,S,BATS,8113
2022/12/16,NIO,NIO,S,BATS,8528
2022/12/19,NIO,NIO,S,BATS,8295
2022/12/20,NIO,NIO,S,BATS,6108
2022/12/21,NIO,NIO,S,BATS,6967
2022/12/22,NIO,NIO,S,BATS,5133
2022/12/23,NIO,NIO,S,BATS,5550
2022/12/27,NIO,NIO,S,BATS,6952
2022/12/28,NIO,NIO,S,BATS,4646
2022/12/29,NIO,NIO,S,BATS,6349
2022/12/30,NIO,NIO,S,BATS,6595
2023/01/03,NIO,NIO,S,BATS,12284
2023/01/04,NIO,NIO,S,BATS,12451
2023/01/05,NIO,NIO,S,BATS,8138
2023/01/06,NIO,NIO,S,BATS,15713
2023/01/09,NIO,NIO,S,BATS,18269
2023/01/10,NIO,NIO,S,BATS,8250
2023/01/11,NIO,NIO,S,BATS,8384
2023/01/12,NIO,NIO,S,BATS,8069
2023/01/13,NIO,NIO,S,BATS,8440
2023/01/17,NIO,NIO,S,BATS,8473
2023/01/18,NIO,NIO,S,BATS,7575
2023/01/19,NIO,NIO,S,BATS,8458
2023/01/20,NIO,NIO,S,BATS,17094
2023/01/23,NIO,NIO,S,BATS,24759
2023/01/24,NIO,NIO,S,BATS,9454
2023/01/25,NIO,NIO,S,BATS,6457
2023/01/26,NIO,NIO,S,BATS,12411
2023/01/27,NIO,NIO,S,BATS,38541
2023/01/30,NIO,NIO,S,BATS,11858
2023/01/31,NIO,NIO,S,BATS,7102
2023/02/01,NIO,NIO,S,BATS,14169
2023/02/02,NIO,NIO,S,BATS,15950
2023/02/03,NIO,NIO,S,BATS,17516
2023/02/06,NIO,NIO,S,BATS,13815
2023/02/07,NIO,NIO,S,BATS,9359
2023/02/08,NIO,NIO,S,BATS,4138
2023/02/09,NIO,NIO,S,BATS,10568
2023/02/10,NIO,NIO,S,BATS,5769
2023/02/13,NIO,NIO,S,BATS,5187
2023/02/14,NIO,NIO,S,BATS,12890
2023/02/15,NIO,NIO,S,BATS,6978
2023/02/16,NIO,NIO,S,BATS,6821
2023/02/17,NIO,NIO,S,BATS,10362
2023/02/21,NIO,NIO,S,BATS,5677
2023/02/22,NIO,NIO,S,BATS,5562
2023/02/23,NIO,NIO,S,BATS,7129
2023/02/24,NIO,NIO,S,BATS,9278
2023/02/27,NIO,NIO,S,BATS,7177
2023/02/28,NIO,NIO,S,BATS,10278
2023/03/01,NIO,NIO,S,BATS,18986
2023/03/02,NIO,NIO,S,BATS,12171
2023/03/03,NIO,NIO,S,BATS,18493
2023/03/06,NIO,NIO,S,BATS,6690
2023/03/07,NIO,NIO,S,BATS,9799
2023/03/08,NIO,NIO,S,BATS,5421
2023/03/09,NIO,NIO,S,BATS,6745
2023/03/10,NIO,NIO,S,BATS,6909
2023/03/13,NIO,NIO,S,BATS,8802
2023/03/14,NIO,NIO,S,BATS,6913
2023/03/15,NIO,NIO,S,BATS,5255
2023/03/16,NIO,NIO,S,BATS,6556
2023/03/17,NIO,NIO,S,BATS,5722
2023/03/20,NIO,NIO,S,BATS,12940
2023/03/21,NIO,NIO,S,BATS,11270
2023/03/22,NIO,NIO,S,BATS,5427
2023/03/23,NIO,NIO,S,BATS,5310
2023/03/24,NIO,NIO,S,BATS,5254
2023/03/27,NIO,NIO,S,BATS,4546
2023/03/28,NIO,NIO,S,BATS,4309
2023/03/29,NIO,NIO,S,BATS,11855
2023/03/30,NIO,NIO,S,BATS,18873
2023/03/31,NIO,NIO,S,BATS,7664
2023/04/03,NIO,NIO,S,BATS,12264
2023/04/04,NIO,NIO,S,BATS,6729
2023/04/05,NIO,NIO,S,BATS,5865
2023/04/06,NIO,NIO,S,BATS,4208
2023/04/10,NIO,NIO,S,BATS,3550
2023/04/11,NIO,NIO,S,BATS,8230
2023/04/12,NIO,NIO,S,BATS,7283
2023/04/13,NIO,NIO,S,BATS,3920
2023/04/14,NIO,NIO,S,BATS,5011
2023/04/17,NIO,NIO,S,BATS,11451
2023/04/18,NIO,NIO,S,BATS,3653
2023/04/19,NIO,NIO,S,BATS,8497
2023/04/20,NIO,NIO,S,BATS,14116
2023/04/21,NIO,NIO,S,BATS,6302
2023/04/24,NIO,NIO,S,BATS,4678
2023/04/25,NIO,NIO,S,BATS,11638
2023/04/26,NIO,NIO,S,BATS,7271
2023/04/27,NIO,NIO,S,BATS,6168
2023/04/28,NIO,NIO,S,BATS,5167
2023/05/01,NIO,NIO,S,BATS,6389
2023/05/02,NIO,NIO,S,BATS,8075
2023/05/03,NIO,NIO,S,BATS,6863
2023/05/04,NIO,NIO,S,BATS,10460
2023/05/05,NIO,NIO,S,BATS,8217
2023/05/08,NIO,NIO,S,BATS,6897
2023/05/09,NIO,NIO,S,BATS,4114
2023/05/10,NIO,NIO,S,BATS,7210
2023/05/11,NIO,NIO,S,BATS,6671
2023/05/12,NIO,NIO,S,BATS,8427
2023/05/15,NIO,NIO,S,BATS,7415
2023/05/16,NIO,NIO,S,BATS,4540
2023/05/17,NIO,NIO,S,BATS,5548
2023/05/18,NIO,NIO,S,BATS,5328
2023/05/19,NIO,NIO,S,BATS,12116
2023/05/22,NIO,NIO,S,BATS,20085
2023/05/23,NIO,NIO,S,BATS,9101
2023/05/24,NIO,NIO,S,BATS,20948
2023/05/25,NIO,NIO,S,BATS,12765
2023/05/26,NIO,NIO,S,BATS,10713
2023/05/30,NIO,NIO,S,BATS,8372
2023/05/31,NIO,NIO,S,BATS,9147
2023/06/01,NIO,NIO,S,BATS,11904
2023/06/02,NIO,NIO,S,BATS,14489
2023/06/05,NIO,NIO,S,BATS,9269
2023/06/06,NIO,NIO,S,BATS,11687
2023/06/07,NIO,NIO,S,BATS,11729
2023/06/08,NIO,NIO,S,BATS,15869
2023/06/09,NIO,NIO,S,BATS,68156
2023/06/12,NIO,NIO,S,BATS,40669
2023/06/13,NIO,NIO,S,BATS,25101
2023/06/14,NIO,NIO,S,BATS,20291
2023/06/15,NIO,NIO,S,BATS,41439
2023/06/16,NIO,NIO,S,BATS,23655
2023/06/20,NIO,NIO,S,BATS,11695
2023/06/21,NIO,NIO,S,BATS,14790
2023/06/22,NIO,NIO,S,BATS,6444
2023/06/23,NIO,NIO,S,BATS,12264
2023/06/26,NIO,NIO,S,BATS,5045
2023/06/27,NIO,NIO,S,BATS,19486
2023/06/28,NIO,NIO,S,BATS,10035
2023/06/29,NIO,NIO,S,BATS,4972
2023/06/30,NIO,NIO,S,BATS,17640
2023/07/03,NIO,NIO,S,BATS,20531
2023/07/05,NIO,NIO,S,BATS,23256
2023/07/06,NIO,NIO,S,BATS,17391
2023/07/07,NIO,NIO,S,BATS,16391
2023/07/10,NIO,NIO,S,BATS,32307
2023/07/11,NIO,NIO,S,BATS,18879
2023/07/12,NIO,NIO,S,BATS,17223
2023/07/13,NIO,NIO,S,BATS,14192
2023/07/14,NIO,NIO,S,BATS,10764
2023/07/17,NIO,NIO,S,BATS,9874
2023/07/18,NIO,NIO,S,BATS,8144
2023/07/19,NIO,NIO,S,BATS,11747
2023/07/20,NIO,NIO,S,BATS,8256
2023/07/21,NIO,NIO,S,BATS,10020
2023/07/24,NIO,NIO,S,BATS,45200
2023/07/25,NIO,NIO,S,BATS,31384
2023/07/26,NIO,NIO,S,BATS,51462
2023/07/27,NIO,NIO,S,BATS,28562
2023/07/28,NIO,NIO,S,BATS,42000
2023/07/31,NIO,NIO,S,BATS,41232
2023/08/01,NIO,NIO,S,BATS,21988
2023/08/02,NIO,NIO,S,BATS,18651
2023/08/03,NIO,NIO,S,BATS,37010
2023/08/04,NIO,NIO,S,BATS,29597
2023/08/07,NIO,NIO,S,BATS,12062
2023/08/08,NIO,NIO,S,BATS,9030
2023/08/09,NIO,NIO,S,BATS,12345
2023/08/10,NIO,NIO,S,BATS,8017
2023/08/11,NIO,NIO,S,BATS,9689
2023/08/14,NIO,NIO,S,BATS,9226
2023/08/15,NIO,NIO,S,BATS,11341
2023/08/16,NIO,NIO,S,BATS,8740
2023/08/17,NIO,NIO,S,BATS,14050
2023/08/18,NIO,NIO,S,BATS,15115
2023/08/21,NIO,NIO,S,BATS,8534
2023/08/22,NIO,NIO,S,BATS,8022
2023/08/23,NIO,NIO,S,BATS,5852
2023/08/24,NIO,NIO,S,BATS,4277
2023/08/25,NIO,NIO,S,BATS,6250
2023/08/28,NIO,NIO,S,BATS,9085
